{"Train Data Samples": {"_type": "images/separated", "width": 256, "height": 256, "format": "jpg", "count": 16}, "_runtime": 22, "_timestamp": 1657811233, "_step": 2, "Test Data Samples": {"_type": "images/separated", "width": 256, "height": 256, "format": "jpg", "count": 16}, "train_loss_l2": 0.23357704281806946, "train_loss_lpips": 0.8239957094192505, "train_loss_moco": 0.6417193412780762, "train_id_improve": -0.33894388005137444, "train_loss_adv": 0.1732867956161499, "train_loss": 1.130232334136963, "global_step": 0, "_wandb": {"runtime": 20}}